epoch,loss,validation_loss
0.0,0.08895231038331985,0.04318965598940849
1.0,0.04079971835017204,0.05020210146903992
2.0,0.049868978559970856,0.051512230187654495
3.0,0.04853171855211258,0.041133299469947815
4.0,0.04133259505033493,0.038357920944690704
5.0,0.03953007608652115,0.039168089628219604
6.0,0.03777913376688957,0.037244658917188644
7.0,0.03536183387041092,0.035422634333372116
8.0,0.03501839190721512,0.034582268446683884
9.0,0.03511921688914299,0.03374028205871582
