epoch,loss,validation_loss
0.0,0.08895181119441986,0.04318908974528313
1.0,0.04079936072230339,0.05020507052540779
2.0,0.04987147077918053,0.051512546837329865
3.0,0.04853139817714691,0.04113093391060829
4.0,0.04133152961730957,0.038358546793460846
5.0,0.03953037038445473,0.03916878625750542
6.0,0.03777720779180527,0.037242572754621506
7.0,0.03535958006978035,0.03542078658938408
8.0,0.035018231719732285,0.03458031639456749
9.0,0.035118572413921356,0.03373796120285988
