Density,Energy,s,dsdrho_e,dsde_rho,d2sdrho2,d2sde2,d2sdedrho,T,p,c2
1.1937716244240175,113459.65464841132,418.85066185977325,-42.102583623018745,0.0030000000000000005,35.928217878115724,-5.890016829839632e-09,-4.535446704382908e-06,333.3333333333333,19999.999999999967,17051.8070482627
1.190726031998238,184171.233590751,617.9515641601165,-42.44507430851648,0.0026470588235294116,36.11338523224818,-4.2379466173465325e-09,-2.378664074449848e-06,377.77777777777777,22734.604457802547,19467.41841951519
1.1144887839905515,148168.850242176,523.0943655123831,-45.28674663536163,0.0028125000000000003,41.2228926598364,-4.972607380187535e-09,-3.231147292168675e-06,355.55555555555554,19999.999999999996,18300.94765869839
