Density,Energy,s,dsdrho_e,dsde_rho,d2sdrho2,d2sde2,d2sdedrho,T,p,c2
4.28790461056177,220053.6524750628,646.2211398686154,-11.462206678147211,0.0025,2.7838026113645307,-3.6287646990118195e-09,-1.8087319190717149e-06,400.0,84298.23025642188,19528.722624210513
1.5283764788041734,221424.7544850306,701.1471821447415,-33.022465026731005,0.0025,21.919218475313517,-3.644135228966147e-09,-1.8048910959999074e-06,400.0,30855.328258536498,20534.507168659908
1.7333875019004639,147766.15994081317,499.752784546982,-28.88227378055587,0.0028125000000000008,17.040104888334742,-4.963665830157395e-09,-3.2339471060864067e-06,355.55555555555554,30855.32825853643,18027.185199304433
