Density,Energy,s,dsdrho_e,dsde_rho,d2sdrho2,d2sde2,d2sdedrho,T,p,c2
1.6766078257860062,165679.29616906348,551.0294674760197,-29.93613734875392,0.0027272727272727275,18.21414593659984,-4.579146145091241e-09,-2.763338296477773e-06,366.66666666666663,30855.328258536483,18664.627385515567
1.0789872055179877,166039.53142110497,574.2191244256933,-46.85176706380658,0.0027272727272727275,43.98054623683276,-4.5858685604673e-09,-2.76117063653405e-06,366.66666666666663,19999.999999999996,18915.684864232928
2.503688906454796,147263.45644263647,480.0185275340021,-19.793486142366522,0.002812499999999999,8.166835911519707,-4.952495166919732e-09,-3.237395522174113e-06,355.55555555555554,44115.427318799746,17686.483841197514
2.418759737890379,165230.80897243306,531.4893714766878,-20.565231289778286,0.0027272727272727275,8.750775534558585,-4.5707641771287755e-09,-2.7660090557697723e-06,366.66666666666663,44115.42731880075,18353.031167702644
8.994181033951248,217695.00086894154,604.6466697435493,-5.214868593231986,0.0025,0.6317948882429137,-3.6018831942734937e-09,-1.8150524150812659e-06,400.0,168743.32801916727,17831.23757032764
