Density,Energy,s,dsdrho_e,dsde_rho,d2sdrho2,d2sdrhode,d2sde2,T,p,c2,dTdrho_e,dTde_rho,dpdrho_e,dpde_rho,dhdrho_e,dhde_rho,dhdrho_p,dhdp_rho,dsdp_rho,dsdrho_p
1.0147654647928475,202805.06653693473,674.6563487334909,-49.94282490084165,0.0025714285714285713,49.72400833347924,-2.0639888711958396e-06,-3.927730408183813e-09,388.8888888888889,20000.0,20131.03795692642,388.8888888888889,20000.0,20131.03795692642
4.728380267278263,183261.00071306,546.9003751585898,-10.274179377321676,0.002642497249803057,2.288873662378974,-2.368009066883042e-06,-4.18769056041126e-09,378.4299113554534,86927.54056286707,18094.180015352656,378.4299113554534,86927.54056286707,18094.180015352656
1.5283764788041734,221424.7544850306,701.1471821447415,-33.022465026731005,0.0025,21.919218475313517,-1.8048910959999074e-06,-3.644135228966147e-09,400.0,30855.328258536498,20534.507168659908,400.0,30855.328258536498,20534.507168659908
0.9930852533990736,202757.12168226758,675.627681394295,-51.04428810498541,0.0025716616690112655,51.91882738853007,-2.0648486704021355e-06,-3.9288186271829715e-09,388.85363967199976,19575.208004063057,20137.453644728404,388.85363967199976,19575.208004063057,20137.453644728404
1.0789872055179877,166039.53142110497,574.2191244256933,-46.85176706380658,0.0027272727272727275,43.98054623683276,-2.76117063653405e-06,-4.5858685604673e-09,366.66666666666663,19999.999999999996,18915.684864232928,366.66666666666663,19999.999999999996,18915.684864232928
1.6766078257860062,165679.29616906348,551.0294674760197,-29.93613734875392,0.0027272727272727275,18.21414593659984,-2.763338296477773e-06,-4.579146145091241e-09,366.66666666666663,30855.328258536483,18664.627385515567,366.66666666666663,30855.328258536483,18664.627385515567
1.190726031998238,184171.233590751,617.9515641601165,-42.44507430851648,0.0026470588235294116,36.11338523224818,-2.378664074449848e-06,-4.2379466173465325e-09,377.77777777777777,22734.604457802547,19467.41841951519,377.77777777777777,22734.604457802547,19467.41841951519
